"id","first_name","last_name","email","address","city","state","zip_code","phone_number"
"0","Brittnye","Abhishek","AbhishekB@aol.com","5708 Cahill Blvd","Bluffton","SC","29910","262-182-7920"
"1","Tyshelle","Lashea","LasheaT@hotmail.com","5849 Foxley Loop","Jackson Center","PA","16133","478-778-269"
"2","Madalyn","Kassaundra","KassaundraM@facebook.com","3307 Innisvale Ln","Glen White","WV","25849","299-934-2293"
"3","Chelsee","Bao","BaoC@comcast.net","2600 Englemere Rd","Marrero","LA","70072","237-216-7168"
"4","Geniffer","Murad","MuradG@mail.com","1923 Edmunton Dr","Fowler","CA","93625","821-598-3522"
"5","Lena","Brandee","BrandeeL@msn.com","796 Ahab Ave","Keaton","KY","41226","707-604-5094"
"6","Kameron","Justine","JustineK@mail.com","5454 Boatclub Rd","Holton","MI","49425","826-311-1801"
"7","Galen","Leeza","LeezaG@aol.com","8515 East Vineland Ave","Buffalo","NY","14204","898-825-1518"
"8","Carli","Cherree","CherreeC@gmail.com","8823 Profumo Loop","Edwards","CO","81632","420-627-1696"
"9","Homero","Aliecia","AlieciaH@facebook.com","8292 Dive Dr","Aumsville","OR","97325","980-978-1961"
"10","Samora","Zalman","ZalmanS@comcast.net","8817 East Oakton Ln","Rices Landing","PA","15357","626-321-3739"
"11","Gina","Yakima","YakimaG@live.com","898 Roseda Pike","Harrold","TX","76364","256-593-5856"
"12","Rasan","Yobani","YobaniR@att.net","4922 Cross Bellbrooke Pike","Delavan","IL","61734","314-654-9612"
"13","Cicily","Lakeidra","LakeidraC@hotmail.com","6171 Lt Nichols Park","Wood Lake","MN","56297","525-681-5165"
"14","Kortnee","Anniemarie","AnniemarieK@hotmail.com","3259 Apiary Ave","Saint Albans","MO","63073","942-228-7170"
"15","Junho","Kawika","KawikaJ@att.net","4245 Kemper Loop","Mount Gretna","PA","17064","40-867-3567"
"16","Kayci","Charise","ChariseK@mail.com","7581 Prince Edwards St","Effingham","SC","29541","261-750-1663"
"17","Jocelyn","Jeran","JeranJ@aol.com","7686 Inderwick Rd","Centertown","MO","65023","752-73-195"
"18","Keena","Roselynn","RoselynnK@mail.com","244 Montmorency St","Greencastle","IN","46135","501-740-1592"
"19","Roshonda","Loreal","LorealR@comcast.net","4770 Oakbridge Blvd","Elkhart","IN","46516","271-635-7436"
"20","Dalisha","Nekeshia","NekeshiaD@gmail.com","9756 Dulles Technology Park","Beech Island","SC","29842","120-517-681"
"21","Aldin","Muna","MunaA@hotmail.com","372 Wallaroy Pike","Glendora","CA","91741","636-890-2840"
"22","Lorielle","Liset","LisetL@live.com","5786 Kersh Loop","Rutherford College","NC","28671","106-815-9174"
"23","Nura","Shiv","ShivN@hotmail.com","6732 Wabena Ln","West Columbia","WV","25287","574-485-4255"
"24","Stephnie","Leviticus","LeviticusS@facebook.com","9521 East Canton Loop","Worland","WY","82401","391-623-7392"
"25","Hansel","Dallen","DallenH@live.com","881 Hill Ridge Pike","Toppenish","WA","98948","622-315-8677"
"26","Maresa","Stephanos","StephanosM@comcast.net","7694 Oriel Rd","Bronx","NY","10473","654-529-4437"
"27","Bethanie","Malissa","MalissaB@gmail.com","3479 Mc Murray Park","Friant","CA","93626","123-865-65"
"28","Dathan","Derika","DerikaD@comcast.net","9915 Moston St","Shiner","TX","77984","68-816-9917"
"29","Adon","Asia","AsiaA@aol.com","7128 Nellie Pike","Roxton","TX","75477","216-677-7823"
"30","Menno","Amon","AmonM@comcast.net","7738 Greenback Blvd","Tarrs","PA","15688","519-291-5483"
"31","Janeisha","Kolleen","KolleenJ@facebook.com","6796 Clapham Park Rd","Broadview Heights","OH","44147","298-954-3735"
"32","Renetta","Lorinda","LorindaR@comcast.net","311 Campanelli St","Peachtree City","GA","30269","772-606-3148"
"33","Berkley","Karen","KarenB@aol.com","152 Cape Breton Blvd","Osakis","MN","56360","429-198-9577"
"34","Malina","Mikeala","MikealaM@live.com","2913 S Delaware Dr","Angier","NC","27501","870-519-6548"
"35","Laterica","Elvina","ElvinaL@att.net","1433 Remin Dr","Shafter","CA","93263","894-758-6184"
"36","Kerry","Candyse","CandyseK@mail.com","9151 Allambie Loop","Rutland","MA","01543","898-690-4449"
"37","Marcos","Danen","DanenM@gmail.com","9502 Thomas Paine Blvd","Rochester","NY","14622","327-674-596"
"38","Kapri","Chelsy","ChelsyK@comcast.net","8942 Yarnall Loop","Willow Beach","AZ","86445","735-455-7903"
"39","Shawnee","Shalisa","ShalisaS@mail.com","213 Derekwood Ln","Adkins","TX","78101","34-492-7114"
"40","Raeanna","Vika","VikaR@msn.com","2613 Poynders Blvd","Berlin","GA","31722","681-552-8731"
"41","Lamone","Jeffrie","JeffrieL@comcast.net","2032 East Galer Rd","Moreno Valley","CA","92557","899-258-2623"
"42","Rianna","Trevan","TrevanR@aol.com","6671 Mudies Park","New Stuyahok","AK","99636","651-828-2933"
"43","Trena","Nairoby","NairobyT@facebook.com","8813 Reon Pike","Philadelphia","PA","19130","282-588-3023"
"44","Kimberly","Tenequa","TenequaK@yahoo.com","5316 South Waverly Loop","Cobb","CA","95426","790-405-9337"
"45","Megon","Jarrel","JarrelM@aol.com","3781 Guerie Dr","Tybee Island","GA","31328","643-515-9793"
"46","Errika","Teala","TealaE@msn.com","2819 Tullymore Ln","Ridgeway","IA","52165","278-392-5385"
"47","Tawanda","Margan","MarganT@aol.com","787 Sail Park","Red Hill","PA","18076","407-262-4036"
"48","Chino","Laquasia","LaquasiaC@facebook.com","412 Hillslope Park","Quasqueton","IA","52326","143-230-4185"
"49","Tamella","Thaddeaus","ThaddeausT@mail.com","2739 Mallory Hill Dr","Franklin","ME","04634","745-147-67"
"50","Kuulei","Graceann","GraceannK@comcast.net","3200 City View Pike","Indianapolis","IN","46234","358-863-3274"
"51","York","Lillie","LillieY@comcast.net","4750 Crichton Ln","Clark Mills","NY","13321","531-60-9184"
"52","Nickoles","Carlus","CarlusN@live.com","1859 Saxon Woods Park Blvd","Valdosta","GA","31601","10-499-4799"
"53","Niomi","Breeana","BreeanaN@msn.com","821 Elholm Rd","Charlotte","NC","28262","112-339-1423"
"54","Nathalie","Tamica","TamicaN@gmail.com","7527 Valerian Ln","Shirley","AR","72153","20-292-2505"
"55","Yona","Leighann","LeighannY@att.net","5170 Casta Blvd","Brownsville","OH","43721","891-680-4689"
"56","Angelika","Anjulie","AnjulieA@aol.com","8704 Dollinger Dr","Wesson","MS","39191","755-922-3713"
"57","Jermaine","Sirena","SirenaJ@mail.com","7600 First Ln","Miller","SD","57362","38-171-7568"
"58","Tansy","Darril","DarrilT@live.com","1672 Bonnie Branch Dr","Mantachie","MS","38855","135-205-7227"
"59","Shakeema","Shawnika","ShawnikaS@live.com","7743 W Balmoral Pike","Dieterich","IL","62424","116-783-5902"
"60","Javaris","Phung","PhungJ@facebook.com","6214 Laforge Ave","Hope Hull","AL","36043","361-634-4007"
"61","Laval","Mable","MableL@msn.com","7046 Deadbrook Loop","Grantsville","WV","26147","929-914-7239"
"62","Ikia","Latitia","LatitiaI@hotmail.com","8820 N Bartlett Ln","Middle River","MN","56737","363-683-2597"
"63","Nashawn","Mahala","MahalaN@gmail.com","9264 Carpenters Beach Pike","Walnutport","PA","18088","647-157-9633"
"64","Annell","Irvin","IrvinA@mail.com","6922 St. Nazaire Ln","Meherrin","VA","23954","684-712-5374"
"65","Kam","Ma","MaK@live.com","6009 Ruus Pike","Johnstown","NE","69214","603-485-7331"
"66","Mayra","Tamika","TamikaM@msn.com","3433 Devers Loop","Round Mountain","TX","78663","694-573-177"
"67","Dilcia","Arie","ArieD@gmail.com","1514 Citation Ln","Tippo","MS","38962","827-278-9153"
"68","Domanique","Sarath","SarathD@mail.com","5177 Redehall Blvd","Clark","NJ","07066","95-66-3436"
"69","Bria","Carmisha","CarmishaB@mail.com","7942 Luxford Rd","Buffalo","OK","73834","547-14-2158"
"70","Tanekia","Enedina","EnedinaT@facebook.com","9444 Siren Dr","Columbus","OH","43227","304-71-6842"
"71","Kamika","Odell","OdellK@comcast.net","6822 Oakley Green Ln","Plymouth","NH","03264","260-613-444"
"72","Philomena","Lanae","LanaeP@live.com","2551 Livia Ln","Jamestown","ND","58405","117-968-8659"
"73","Ajani","Ruston","RustonA@att.net","8634 Glen Valley Rd","Genoa","NY","13071","44-956-9203"
"74","Riko","Corrina","CorrinaR@comcast.net","5610 Malthus Ave","Geismar","LA","70734","721-370-1472"
"75","Destini","Donyell","DonyellD@comcast.net","9882 Doering Ave","Cimarron","KS","67835","666-981-3950"
"76","Amyjo","Lillie","LillieA@gmail.com","7006 Bay Canyon Rd","Wheatland","OK","73097","343-304-378"
"77","Ebone","Broderick","BroderickE@facebook.com","5841 Deerhill Loop","Mappsville","VA","23407","882-94-5204"
"78","Chrishanna","Carrol","CarrolC@facebook.com","903 S May Rd","Kilbourne","OH","43032","304-160-2935"
"79","Rany","Monchel","MonchelR@gmail.com","5839 North Silver Chase St","Minneapolis","MN","55442","132-908-6497"
"80","Ladaris","Sydney","SydneyL@hotmail.com","3814 Nash Memorial Rd","Arizona City","AZ","85123","986-831-6226"
"81","Mckenna","Judy","JudyM@facebook.com","8673 Sarno Loop","Benzonia","MI","49616","745-152-9261"
"82","Johnanthony","Saisha","SaishaJ@mail.com","7258 Old Homestead Loop","Delancey","NY","13752","5-568-7678"
"83","Jerson","Derwin","DerwinJ@gmail.com","2664 Northrup Ave","Lafayette","NJ","07848","368-305-3636"
"84","Sheetal","Tonya","TonyaS@hotmail.com","1268 Pell Farm Ln","Tucson","AZ","85743","117-256-3356"
"85","Mashanda","Cleopatra","CleopatraM@msn.com","2706 Kazan Ln","Coopersville","MI","49404","658-260-9885"
"86","Kya","Sunni","SunniK@facebook.com","6947 Ridge Hill Farm Park","Peoria","IL","61607","497-766-6380"
"87","Creg","Zulay","ZulayC@aol.com","6910 Montresor Rd","Entriken","PA","16638","193-610-9031"
"88","Shakeem","Amymarie","AmymarieS@aol.com","9687 Lyndene Rd","Upper Marlboro","MD","20774","69-479-5829"
"89","Leea","Kyndall","KyndallL@facebook.com","7185 Rittenhouse Ave","Rochester","NY","14610","62-978-5667"
"90","Savvas","Maija","MaijaS@comcast.net","204 De Palma Ave","Oregon","OH","43616","504-683-6156"
"91","Monico","Mekos","MekosM@msn.com","1964 Athene Rd","Greenfield","OH","45123","141-900-9779"
"92","Elisah","Krishna","KrishnaE@aol.com","3136 Cuthbertson Loop","Okay","OK","74446","321-338-1548"
"93","Micaella","Johanna","JohannaM@facebook.com","6793 Drayhorse Pike","North Bend","OR","97459","323-818-8730"
"94","Devan","Sandy","SandyD@gmail.com","8733 Chiesa Ln","Newbury Park","CA","91320","781-772-1810"
"95","Laddie","Jesusita","JesusitaL@live.com","7509 Tanglewylde Pike","Yelm","WA","98597","213-207-1791"
"96","Ernie","Estefany","EstefanyE@gmail.com","7780 Oak Shade Pike","Arnegard","ND","58835","858-735-6361"
"97","Victoriano","Conchita","ConchitaV@mail.com","9054 Snow Bird Park","Downers Grove","IL","60516","774-342-4234"
"98","Kariann","Teenamarie","TeenamarieK@comcast.net","9384 Serene Ln","Taylor","PA","18517","563-745-6681"
"99","Sharmane","Jacalyn","JacalynS@msn.com","4480 Dieninger St","Gordon","AL","36343","545-717-8305"
"100","Cressie","Brayden","BraydenC@hotmail.com","1321 Grouse Run St","Baton Rouge","LA","70836","97-75-2742"
"101","Hoyt","Gamalier","GamalierH@live.com","3475 Greenly St","Wolverton","MN","56594","841-770-7947"
"102","Iona","Yashica","YashicaI@att.net","3967 Shirehall Rd","Bedford","TX","76021","564-168-3263"
"103","Zora","Quantina","QuantinaZ@mail.com","8854 Rowayton Woods Blvd","Ellenton","GA","31747","624-384-9121"
"104","Latrece","Jamekia","JamekiaL@facebook.com","2937 Altamead St","Houston","TX","77075","414-399-1253"
"105","Zaynab","Shauntae","ShauntaeZ@comcast.net","2600 Garthmere Blvd","Amarillo","TX","79121","757-720-8476"
"106","Jovonne","Narayana","NarayanaJ@facebook.com","7771 Llyod St","Eagleville","MO","64442","203-946-354"
"107","Keelie","Suzana","SuzanaK@facebook.com","3797 Falster Ln","Saint Helena Island","SC","29920","493-391-5354"
"108","Katera","Sherina","SherinaK@hotmail.com","2237 Gleeland Blvd","Muse","OK","74949","508-290-9749"
"109","Royale","Mena","MenaR@yahoo.com","4287 Temple Hall Ave","Sutherlin","VA","24594","629-628-8240"
"110","Beatrize","Michaelia","MichaeliaB@live.com","7223 Marinucci Loop","Middleburg","PA","17842","892-489-1164"
"111","Jemaine","Rahn","RahnJ@aol.com","7299 Quality Loop","Milford","DE","19963","462-360-4530"
"112","Winton","Wright","WrightW@facebook.com","5734 Mariestad Dr","Bancroft","ID","83217","187-774-4958"
"113","Odessa","Leviticus","LeviticusO@mail.com","2750 Vanoni Park","Byron","MI","48418","130-582-2715"
"114","Dallen","Rika","RikaD@facebook.com","7007 Lanham Park","Matlock","IA","51244","87-791-3592"
"115","Aquino","Jyoti","JyotiA@gmail.com","4323 Ryves Blvd","Cranks","KY","40820","87-110-3525"
"116","Kiley","Kristyann","KristyannK@gmail.com","8711 Ivins Park","Janesville","WI","53545","752-292-2597"
"117","Katrell","Winnie","WinnieK@mail.com","1585 Lowes Island Dr","Houston","TX","77021","422-278-4189"
"118","Jasmin","Sherrel","SherrelJ@msn.com","3722 Madison Farm Dr","Great Neck","NY","11021","685-669-3107"
"119","Elonzo","Kerin","KerinE@gmail.com","9709 Trimbleford Blvd","Olathe","KS","66062","573-460-4166"
"120","Takeisha","Jenalee","JenaleeT@hotmail.com","8863 Hamels Park","Atlantic Beach","FL","32233","276-773-6000"
"121","Czarina","Electa","ElectaC@comcast.net","532 Toongabbie Dr","Milan","OH","44846","74-407-9099"
"122","Katurah","Micki","MickiK@att.net","8368 Pennfield Pike","Fort Pierce","FL","34945","653-409-112"
"123","Tani","Lamekia","LamekiaT@hotmail.com","641 Stancross Pike","Burnet","TX","78611","0-299-2177"
"124","Jamira","Jacinta","JacintaJ@att.net","4765 Lower Oxford Park","Notus","ID","83656","478-316-9214"
"125","Neila","Adel","AdelN@facebook.com","8993 North Brook Rd","York","SC","29745","659-318-2348"
"126","Norine","Tereasa","TereasaN@aol.com","8754 North Sherwood Rd","Valley","AL","36854","300-460-7058"
"127","Elvera","Nisreen","NisreenE@hotmail.com","7884 Erman Ave","Moscow","TX","75960","432-761-5874"
"128","Mickle","Chasiti","ChasitiM@yahoo.com","2044 Fruit Barn St","Eden Valley","MN","55329","976-278-2019"
"129","Fern","Keithan","KeithanF@facebook.com","3626 Lochmere Rd","Sodus","MI","49126","608-856-7620"
"130","Almadelia","Antonette","AntonetteA@live.com","5441 W Patterson Blvd","Mullan","ID","83846","927-73-7374"
"131","Andreanna","Augustina","AugustinaA@mail.com","2732 El Macero Dr","Transfer","PA","16154","941-843-8628"
"132","Jamile","Jaymi","JaymiJ@mail.com","8385 Tartarian Dr","Campbell","NE","68932","7-651-2566"
"133","Cassee","Alanda","AlandaC@att.net","904 Willandale St","Willows","CA","95988","455-110-6682"
"134","Kristin","Duong","DuongK@yahoo.com","5545 Brackley Blvd","Bad Axe","MI","48413","407-381-886"
"135","Natilee","Denetria","DenetriaN@aol.com","9238 Beechmore Pike","Barry","TX","75102","804-939-7950"
"136","Jusitn","Antwoin","AntwoinJ@mail.com","5691 Royal Creek St","Holyrood","KS","67450","4-457-4717"
"137","Dafina","Emilene","EmileneD@yahoo.com","8041 Bendish Rd","Saint Marys","GA","31558","419-45-8678"
"138","Olegario","Essie","EssieO@facebook.com","598 Downshall St","Denton","TX","76207","350-523-1251"
"139","Shalise","Jeronimo","JeronimoS@comcast.net","4165 Hess Ln","North Walpole","NH","03609","741-418-3783"
"140","Tacora","Donya","DonyaT@yahoo.com","9895 Grist Mill Park","Quincy","IL","62305","475-416-5217"
"141","Tikeisha","Isaac","IsaacT@comcast.net","7957 Bremer Rd","Rosewood","OH","43070","65-285-5598"
"142","Shanaya","Lex","LexS@facebook.com","8176 St. Marks Blvd","Athens","AL","35614","372-532-281"
"143","Vanisha","Tell","TellV@msn.com","3318 Victoria Farms Park","Bradenton","FL","34208","371-943-231"
"144","Kalene","Willilam","WillilamK@facebook.com","1699 Dickerage Ave","Stanford","MT","59479","320-102-7679"
"145","Bradey","Katheryne","KatheryneB@aol.com","6806 N Chalmers Dr","Burgin","KY","40310","25-40-6772"
"146","Lenee","Josetta","JosettaL@yahoo.com","336 Coolspring Dr","Ruth","MI","48470","633-808-1466"
"147","Shainna","Angelie","AngelieS@msn.com","755 Counrtyside St","Elizabethtown","NY","12932","574-616-9429"
"148","Hector","Lindse","LindseH@hotmail.com","1387 W Arran Park","McCrory","AR","72101","508-246-34"
"149","Zoraida","Aubre","AubreZ@facebook.com","401 Meadway Pike","Coahoma","MS","38617","15-106-1666"
"150","Eusebio","Loreto","LoretoE@aol.com","8270 Greenwald Blvd","Latham","NY","12110","578-401-5695"
"151","Ashlen","Barak","BarakA@gmail.com","9054 Tapwood Pike","West Halifax","VT","05358","839-138-476"
"152","Marcas","Africa","AfricaM@msn.com","3856 Roffey Ave","Plato","MO","65552","223-761-7791"
"153","Tedi","Herbie","HerbieT@hotmail.com","2318 White Birch Dr","Enon Valley","PA","16120","188-714-3206"
"154","Hien","Shanetta","ShanettaH@att.net","5836 Dunsop St","Upton","MA","01568","742-168-1786"
"155","Yeshaya","Tyeshia","TyeshiaY@comcast.net","7131 Brogan Blvd","Taylor","ND","58656","631-365-8697"
"156","Vishal","Mera","MeraV@hotmail.com","2286 Aspian Ln","Old Bridge","NJ","08857","793-570-9465"
"157","Cherylann","Laurina","LaurinaC@yahoo.com","6755 Marazzani Rd","Saint Francis","MN","55070","837-564-2272"
"158","Satin","Arnaldo","ArnaldoS@gmail.com","5737 Hemnall Blvd","Perryman","MD","21130","179-463-2909"
"159","Davette","Jamen","JamenD@msn.com","4195 Ivy Meade Blvd","Caroline","WI","54928","475-829-3583"
"160","Mar","Orie","OrieM@msn.com","5759 Earlston Blvd","Double Springs","AL","35553","975-507-4890"
"161","Keegan","Jaccob","JaccobK@att.net","1174 Jerald Park","Strasburg","MO","64090","971-494-6524"
"162","Demarius","Deangelo","DeangeloD@yahoo.com","939 Dorsett Hill Dr","Alexandria","LA","71301","600-287-8892"
"163","Denice","Lequan","LequanD@mail.com","8202 Bingley Loop","Midnight","MS","39115","509-492-4658"
"164","Caleb","Telicia","TeliciaC@live.com","446 Barleycastle Blvd","Belsano","PA","15922","562-85-3362"
"165","Tieka","Torry","TorryT@att.net","6794 Kausen Dr","Portland","MO","65067","102-550-4577"
"166","Rahmel","Deshane","DeshaneR@aol.com","7644 Oxon Hill Blvd","Mamaroneck","NY","10543","73-550-1537"
"167","Danie","Clemon","ClemonD@msn.com","3956 Antil Blvd","Dahlgren","IL","62828","712-50-5830"
"168","Alexsandra","Laken","LakenA@live.com","5227 Evelyns Dr","Erie","PA","16501","650-881-6697"
"169","Seaira","Marquasha","MarquashaS@mail.com","9607 Oakcreek St","San Ramon","CA","94583","450-242-4425"
"170","Naja","Melanie","MelanieN@mail.com","5962 East Shorewood Loop","Delevan","NY","14042","241-968-2459"
"171","Ida","Colan","ColanI@gmail.com","4892 Juliette Rd","Rockford","IL","61107","828-341-9142"
"172","Alisia","Anikka","AnikkaA@facebook.com","5949 Totteridge Dr","Unity","OR","97884","529-252-4349"
"173","Harinder","Laurenmarie","LaurenmarieH@att.net","8931 Murwillumbah Pike","Woodland Hills","CA","91367","158-779-2907"
"174","Keisha","Ambriel","AmbrielK@hotmail.com","1702 Preddys Ave","Bells","TN","38006","736-250-1556"
"175","Jc","Kathlyn","KathlynJ@msn.com","2371 Pimpernel Park","Plainfield","OH","43836","108-159-267"
"176","Semone","Devora","DevoraS@yahoo.com","3593 Steeples Park","Muse","OK","74949","673-860-7101"
"177","Bradon","Maghen","MaghenB@gmail.com","7745 Cape Colony Rd","Fort Worth","TX","76104","488-819-8752"
"178","Travious","Apolinar","ApolinarT@msn.com","6793 Throcking Loop","Marianna","FL","32448","640-555-966"
"179","Cordney","Demaris","DemarisC@yahoo.com","2363 Ria Dr","South Houston","TX","77587","778-687-4531"
"180","Rosenda","Teja","TejaR@mail.com","9494 Van De Graff Rd","San Francisco","CA","94133","687-346-3358"
"181","Adrena","Darus","DarusA@aol.com","692 High Level Rd","Cypress","IL","62923","997-386-7252"
"182","Wyman","Shavondra","ShavondraW@facebook.com","1329 Twynersh Blvd","Duxbury","MA","02332","829-448-9725"
"183","Nicholle","Davonna","DavonnaN@mail.com","8316 Pinell Dr","Goldthwaite","TX","76844","167-390-4239"
"184","Axel","Brenton","BrentonA@aol.com","5875 Patterson Ranch St","Richlands","NC","28574","352-52-338"
"185","Chandi","Chuck","ChuckC@facebook.com","13 Wakefield Chapel Ave","Chautauqua","KS","67334","115-9-7408"
"186","Husam","Mekos","MekosH@live.com","1098 Merrifield Pike","Silverton","TX","79257","340-496-5365"
"187","Jillayne","Lakara","LakaraJ@msn.com","1917 Glen Bott Ln","Brunswick","GA","31520","273-700-469"
"188","Charmel","Michaelanthony","MichaelanthonyC@aol.com","9593 S Millwood Dr","Campbelltown","PA","17010","623-129-8733"
"189","Tavon","Chontel","ChontelT@yahoo.com","8371 Nibshaw Ave","Tucson","AZ","85712","105-714-3658"
"190","Amonda","Tashae","TashaeA@yahoo.com","5138 Roger Dimmick Pike","Covington","TX","76636","487-57-8014"
"191","Dontrail","Shareka","SharekaD@gmail.com","279 Bearton Ave","Gila","NM","88038","754-941-7837"
"192","Kanitha","Lamorris","LamorrisK@comcast.net","6406 Gooden Pike","San Diego","CA","92140","701-672-5721"
"193","Lan","Ammon","AmmonL@comcast.net","9137 Grey Towers Rd","Holbrook","NY","11741","729-156-7285"
"194","Magdalyn","Maia","MaiaM@aol.com","8570 W Exeter Loop","Knoxville","TN","37931","954-274-9116"
"195","Aldin","Kariann","KariannA@att.net","5441 N Hundley Pike","Sheffield","IA","50475","884-216-1698"
"196","Nakima","Shamela","ShamelaN@live.com","6274 Willis Miller Ave","Crawford","OK","73638","724-462-1650"
"197","Kathryne","Houa","HouaK@msn.com","8368 Betty Mae Loop","Elko","GA","31025","54-871-574"
"198","Curtrina","Zenon","ZenonC@comcast.net","7553 Silver Plume Park","Sawyer","OK","74756","704-661-9159"
"199","Andee","Cesilia","CesiliaA@hotmail.com","5476 Netley Dr","Pelican","LA","71063","360-733-5084"
"200","Alora","Roxana","RoxanaA@live.com","2240 Vernam Dr","Dove Creek","CO","81324","645-978-876"
"201","Thoms","Delrico","DelricoT@msn.com","1311 Hollyhead Ave","Cordova","SC","29039","309-288-3965"
"202","Yiannis","Reed","ReedY@mail.com","7301 Haste Hill Ave","Saint Louis","MO","63117","400-642-1688"
"203","Shilpa","Lawson","LawsonS@msn.com","2501 Timber Loop Pike","Monessen","PA","15062","350-641-3782"
"204","Koral","Kalle","KalleK@gmail.com","8724 Grand Coulee Pike","Tyringham","MA","01264","579-365-3223"
"205","Purvis","Achilles","AchillesP@live.com","604 N Abbotsford Rd","Melbourne Beach","FL","32951","493-644-8125"
"206","Renay","Favio","FavioR@mail.com","7743 Terra Granada Pike","Portal","ND","58772","3-430-1312"
"207","Yee","Avanti","AvantiY@yahoo.com","4989 Cliffhouse Park","South China","ME","04358","547-352-8218"
"208","Shereece","Lilian","LilianS@mail.com","5368 Darden Ln","Jamestown","IN","46147","249-39-1839"
"209","Gale","Brittnee","BrittneeG@live.com","5633 Wayaawi Pike","Wayne City","IL","62895","480-64-2929"
"210","Marrissa","Lakasha","LakashaM@aol.com","1153 Jenkins Loop","Nottingham","NH","03290","464-890-1296"
"211","Jemell","Chelisa","ChelisaJ@facebook.com","2137 White Chimneys Rd","San Antonio","TX","78230","167-262-3888"
"212","Faheem","Britny","BritnyF@mail.com","6081 Highdown Hill Dr","Silver Lake","NY","14549","212-392-1288"
"213","Corvetta","Magnum","MagnumC@live.com","7065 N Prospect Dr","Dublin","VA","24084","317-815-1239"
"214","Vicenta","Cheyanna","CheyannaV@facebook.com","2893 Schoolside St","Dennis","MA","02638","828-463-5881"
"215","Tiphany","Kaneshia","KaneshiaT@aol.com","2732 E Side Dr","Monroe","GA","30655","833-400-8464"
"216","Lathan","Shiree","ShireeL@live.com","8004 Coppy Pike","Engelhard","NC","27824","241-68-4522"
"217","Rasheed","Reena","ReenaR@aol.com","6146 Hawlings River Rd","Memphis","TN","38127","35-121-1451"
"218","Aurora","Apolinar","ApolinarA@yahoo.com","8875 Iva St","Phoenix","AZ","85004","889-679-3558"
"219","Ivone","Alina","AlinaI@yahoo.com","9330 Alder Hill Rd","Saint Petersburg","FL","33706","179-771-5900"
"220","Quashawn","Analicia","AnaliciaQ@mail.com","2200 Silsden Park","Huddleston","VA","24104","27-647-6155"
"221","Simone","Charnita","CharnitaS@msn.com","7770 Derby Arms Dr","Burlington","MI","49029","642-200-4286"
"222","Jason","Jermone","JermoneJ@live.com","686 Fuchsia Pike","Murphy","ID","83650","226-803-6332"
"223","Roshelle","Gerren","GerrenR@live.com","5359 Heathbank Ave","Hemphill","TX","75948","623-120-7241"
"224","Shakesha","Shareen","ShareenS@facebook.com","9750 Stoneyard Rd","Boulder","CO","80304","236-218-8069"
"225","Isabella","Arcelia","ArceliaI@hotmail.com","745 S Gibson Ave","New Orleans","LA","70127","961-521-6671"
"226","Kolbi","Marena","MarenaK@mail.com","8753 Pennydog Rd","La Grange","CA","95329","719-352-8584"
"227","Jamarl","Natassia","NatassiaJ@hotmail.com","7438 Grothman Pike","Gladstone","NJ","07934","774-940-1476"
"228","Markise","Shavawn","ShavawnM@msn.com","9389 Navesink River Rd","Webber","KS","66970","42-455-3478"
"229","Betty","Cornelious","CorneliousB@msn.com","6935 Shorehame Club Ln","Los Angeles","CA","90059","100-140-2955"
"230","Verena","Gittel","GittelV@gmail.com","4894 Timothy Loop","Navajo Dam","NM","87419","855-136-8250"
"231","Eunique","Laneesha","LaneeshaE@msn.com","8932 Bobcat Ln","Brookville","PA","15825","724-21-5343"
"232","Kimbrly","Zora","ZoraK@aol.com","9675 Riverstone Ave","Gallatin","TN","37066","481-835-2120"
"233","Keeton","Sacha","SachaK@hotmail.com","1231 Maranui Park","Denver","CO","80204","611-983-4209"
"234","Laguanda","Sydni","SydniL@mail.com","5672 Wedgewood Rd","Rib Lake","WI","54470","0-811-5348"
"235","Sakina","Humphrey","HumphreyS@yahoo.com","6412 Offut Dr","Murrieta","CA","92562","82-716-8831"
"236","Devri","Chelsie","ChelsieD@yahoo.com","9929 Rosslee Blvd","Abrams","WI","54101","594-597-6398"
"237","Wynton","Keianna","KeiannaW@hotmail.com","2782 Wilson Hall Loop","Duncan","NE","68634","310-788-8192"
"238","Fanny","Kourtnie","KourtnieF@facebook.com","217 Bredon Blvd","Eureka","KS","67045","797-497-6800"
"239","Kecia","Telah","TelahK@msn.com","2371 Pullborough Pike","Sweet Springs","MO","65351","877-181-4259"
"240","Zulema","Brentton","BrenttonZ@aol.com","328 Bonny Brow Ave","Bedias","TX","77831","188-296-7819"
"241","Cariann","Chaka","ChakaC@hotmail.com","517 Old Sawmill Park","Blanchard","PA","16826","839-424-4491"
"242","Zaid","Shauntel","ShauntelZ@hotmail.com","3307 Valbusa St","Smithfield","PA","15478","308-552-1180"
"243","Adell","Wilber","WilberA@yahoo.com","6044 Waalwyk Pike","Runge","TX","78151","959-696-2204"
"244","Cierra","Crescentia","CrescentiaC@att.net","8296 Bruntcliffe Ave","Volborg","MT","59351","274-356-5643"
"245","Johathon","Lofton","LoftonJ@aol.com","1345 East Interurban Dr","Camden","TX","75934","590-80-9480"
"246","Mathis","Damon","DamonM@live.com","1288 Cottesbrook Ln","Dubach","LA","71235","931-77-3168"
"247","Sherica","Pearline","PearlineS@comcast.net","1753 North Winston Pike","Buffalo","NY","14228","698-435-4318"
"248","Tibisay","Therron","TherronT@comcast.net","4881 Lompico Pike","Paulden","AZ","86334","315-494-5936"
"249","Adekunle","Latoy","LatoyA@att.net","5505 Stansgate Blvd","West Islip","NY","11795","372-180-1075"
"250","Jessamine","Uzoamaka","UzoamakaJ@yahoo.com","3947 Spring Clough St","West Pawlet","VT","05775","931-149-1917"
"251","Nery","Sheina","SheinaN@att.net","6084 Shupin Park","Cornelia","GA","30531","693-965-2155"
"252","Mariama","Imani","ImaniM@att.net","1084 Johnston Dr","Ozona","TX","76943","822-216-4561"
"253","Sofie","Daphne","DaphneS@hotmail.com","6249 Fays Rd","Campbelltown","PA","17010","502-212-1042"
"254","Rishawn","Marjory","MarjoryR@live.com","7353 Midpine Ln","Harveyville","KS","66431","635-174-5865"
"255","Katieann","Nazario","NazarioK@att.net","5236 Susans Ln","Sidney","IL","61877","69-410-8584"
"256","Reginold","Phuong","PhuongR@mail.com","8154 Hysler Pike","Lititz","PA","17543","386-426-6937"
"257","Lizandro","Mikala","MikalaL@live.com","4028 Jerrie Loop","Grand Rapids","OH","43522","736-519-7244"
"258","Micaiah","Nachole","NacholeM@live.com","7174 Oliver Wentworth Rd","Ludell","KS","67744","659-920-6715"
"259","Rashelle","Lashawnna","LashawnnaR@mail.com","7460 Rugwood Ln","Crawfordsville","AR","72327","614-710-5933"
"260","Shon","Mithcell","MithcellS@live.com","4070 Sepulveda Blvd","Orangevale","CA","95662","37-826-2006"
"261","Britny","Iris","IrisB@mail.com","2144 Neillian Park","Unionville","IN","47468","97-814-8682"
"262","Willam","Fawna","FawnaW@mail.com","4914 Darlington Rd","Callaway","MN","56521","736-390-4008"
"263","Camarie","Naima","NaimaC@mail.com","5038 Oswyth Dr","Calvin","LA","71410","210-295-32"
"264","Darik","Jerrit","JerritD@hotmail.com","5263 Nausbaumer Rd","Jean","NV","89019","597-711-9521"
"265","Jamica","Cora","CoraJ@msn.com","9522 Denshaw Pike","Tumacacori","AZ","85640","443-319-4820"
"266","Kendal","Athony","AthonyK@mail.com","3591 Fredana Park","Beaufort","SC","29907","883-557-3887"
"267","Jenie","Siearra","SiearraJ@att.net","6231 Stone Hill Loop","Pollock","LA","71467","134-838-4499"
"268","Phillis","Amberlynn","AmberlynnP@att.net","457 Harrison Rd","West Bend","WI","53090","315-815-7487"
"269","Lynelle","Gao","GaoL@aol.com","6501 Enchantment Dr","Wilson","TX","79381","254-486-7494"
"270","Nivia","Micholas","MicholasN@comcast.net","1417 Elsinoor Loop","Barrington","RI","02806","40-812-7854"
"271","Quran","Brodi","BrodiQ@yahoo.com","1869 Loran Nordaren Loop","Garden Valley","ID","83622","997-605-7644"
"272","Cheyanne","Viliami","ViliamiC@comcast.net","9652 Backlick Pike","Adelanto","CA","92301","71-762-1626"
"273","Maddison","Claudius","ClaudiusM@gmail.com","2282 Tateley Dr","Atlantic","VA","23303","643-935-8622"
"274","Forest","Crista","CristaF@aol.com","6483 Bridlington Dr","Tracy","CA","95391","168-473-5324"
"275","Kevi","Isauro","IsauroK@aol.com","9007 E Chester Park","Narrows","VA","24124","775-630-1707"
"276","Mariquita","Clarance","ClaranceM@live.com","9835 Donwood Trails Dr","Pansey","AL","36370","790-61-1707"
"277","Kimika","Jb","JbK@live.com","9079 White Cedar Loop","Linden","MI","48451","2-924-3548"
"278","Sirron","Tavin","TavinS@facebook.com","8377 Mccordick Ln","Cathlamet","WA","98612","319-377-8710"
"279","Shela","Jerrid","JerridS@gmail.com","2583 Rosecroft Blvd","Apalachicola","FL","32320","447-743-219"
"280","Vikas","Charolette","CharoletteV@yahoo.com","3562 W Kingsley Pike","Loma","MT","59460","151-524-5431"
"281","Ravyn","Bobbi","BobbiR@mail.com","2731 Lash Larue Ave","Keldron","SD","57634","613-407-9312"
"282","Shifra","Antown","AntownS@yahoo.com","5364 Creeper Hill Ave","Island Lake","IL","60042","338-806-5692"
"283","Mikel","Kashana","KashanaM@att.net","5615 Ockenden Park","Quitman","LA","71268","103-185-9500"
"284","Emilly","Micaella","MicaellaE@gmail.com","7239 Brunner Park","Mount Pleasant","UT","84647","758-848-8854"
"285","Kumar","Andray","AndrayK@yahoo.com","5215 Upper Circle Pike","Tucker","AR","72168","926-453-2473"
"286","Keshana","Phyllip","PhyllipK@mail.com","9209 Calga St","Oceanside","CA","92054","674-524-2831"
"287","Karley","Shanelle","ShanelleK@msn.com","6955 Castle Ings Park","Isom","KY","41824","676-477-7006"
"288","Andria","Yisroel","YisroelA@yahoo.com","5733 Goshen Ave","Lake Hamilton","FL","33851","167-232-1253"
"289","Angelette","Marieke","MariekeA@att.net","3578 Duneba Rd","Capron","IL","61012","740-231-8227"
"290","Hisham","Shamonica","ShamonicaH@live.com","2495 Olivetree Dr","Sulphur","OK","73086","727-93-6891"
"291","Travian","Darrol","DarrolT@facebook.com","4777 Walton Heath Ln","Prospect","NY","13435","291-9-2306"
"292","Diedra","Searra","SearraD@yahoo.com","1507 Country Life St","Clinton Township","MI","48035","802-698-7459"
"293","Chala","Savahanna","SavahannaC@hotmail.com","2985 Hall Brown Ave","Chilcoot","CA","96105","371-635-5420"
"294","Adolpho","Lavon","LavonA@gmail.com","3823 Balsm Dr","Salem","OR","97303","733-100-31"
"295","Celinda","Estaban","EstabanC@comcast.net","7658 Zander Ln","Hayward","WI","54843","459-14-7538"
"296","Shann","Landria","LandriaS@hotmail.com","8273 Severyns Dr","St Thomas","VI","00802","309-389-502"
"297","Gabrella","Jelisa","JelisaG@msn.com","5403 Twigworth Pike","Starkville","MS","39759","6-954-9073"
"298","Cartney","Joletta","JolettaC@live.com","4286 Bunyala Rd","Raymore","MO","64083","988-518-2767"
"299","Kadeidra","Akisha","AkishaK@gmail.com","8447 Bienville Loop","Weston","WV","26452","890-745-1107"
"300","Jerrick","Ammanda","AmmandaJ@live.com","2737 Evenstar Dr","Flatonia","TX","78941","977-786-5692"
"301","Jermarcus","Fausto","FaustoJ@aol.com","9973 Fullerbrook Blvd","Seth","WV","25181","617-536-3588"
"302","Kaylea","Delinda","DelindaK@mail.com","3171 Kingsbury Estates Park","Fedscreek","KY","41524","87-728-500"
"303","Meriam","Gustav","GustavM@live.com","3853 Edinger Park","Walnut Creek","CA","94595","466-533-6461"
"304","Tila","Taneya","TaneyaT@att.net","7839 Carlingford Blvd","Spring Green","WI","53588","700-810-2700"
"305","Kennya","Rolonda","RolondaK@att.net","4064 Calderbrook Ave","Kimberling City","MO","65686","2-718-5120"
"306","Lorry","Clintin","ClintinL@gmail.com","9189 Reiners Blvd","Augusta Springs","VA","24411","343-113-5636"
"307","Aryn","Harmonie","HarmonieA@mail.com","9352 Rosebrrok Ln","Fabens","TX","79838","718-406-7698"
"308","Brandey","Clorinda","ClorindaB@live.com","8052 W South Rd","Jasper","MI","49248","55-14-4233"
"309","Bucky","Elektra","ElektraB@mail.com","1842 Kooyong Rd","Hanahan","SC","29410","726-250-897"
"310","Clyde","Coretta","CorettaC@aol.com","5331 Audlem Ln","Griffithsville","WV","25521","456-325-6639"
"311","Mohamad","Rodell","RodellM@msn.com","4301 Lenis Dr","Sykesville","PA","15865","813-385-4355"
"312","Rodderick","Mardi","MardiR@att.net","9103 Kelsall Ln","Calipatria","CA","92233","602-860-4027"
"313","Darroll","Eliel","ElielD@yahoo.com","884 O Rourke Ave","Mauckport","IN","47142","921-191-6203"
"314","Amberlee","Clarie","ClarieA@hotmail.com","5188 Dodero Loop","Hamilton","MS","39746","166-291-3940"
"315","Olajuwon","Aryana","AryanaO@hotmail.com","6506 Lamb Heights Loop","Forks","WA","98331","303-361-3646"
"316","Fulton","Kaprice","KapriceF@mail.com","8459 Furci Pike","Odenton","MD","21113","253-745-2319"
"317","Lorn","Barbi","BarbiL@gmail.com","3860 Kingsway St","Bartow","FL","33830","767-725-6928"
"318","Tanika","Corban","CorbanT@gmail.com","9271 Cyphers Rd","Thompsonville","MI","49683","681-623-5126"
"319","Bach","Liam","LiamB@gmail.com","6359 Circlegate Pike","Keene","NH","03431","107-311-9805"
"320","Zakiyah","Roanna","RoannaZ@gmail.com","4557 Surele Rd","Gann Valley","SD","57341","807-420-6715"
"321","Xandria","Jarit","JaritX@att.net","611 Childerley Loop","Grand Junction","CO","81504","772-422-9536"
"322","Ebone","Penina","PeninaE@hotmail.com","6334 Nashgrove Park","Lacon","IL","61540","875-974-1832"
"323","Alexia","Channy","ChannyA@live.com","1916 Croxted Park","Sawyerville","IL","62085","42-354-9404"
"324","Lana","Michaelanthony","MichaelanthonyL@yahoo.com","6625 Mc Dougall St","Patillas","PR","00723","910-137-2749"
"325","Herschell","Jayson","JaysonH@hotmail.com","160 Folly Hall Ave","Manchester","NH","03104","346-285-8764"
"326","Melia","Shere","ShereM@gmail.com","3408 Treasure Island Rd","Forest Hill","LA","71430","814-306-8702"
"327","Mattia","Edouard","EdouardM@aol.com","5655 Pleasant Wood St","Stevens","PA","17578","995-90-7914"
"328","Keath","Sandra","SandraK@yahoo.com","8016 N Healy Pike","Laredo","TX","78043","590-431-7250"
"329","Jazzmine","Channel","ChannelJ@comcast.net","6913 Rivara Pike","Overland Park","KS","66210","284-539-0"
"330","Rondi","Sherria","SherriaR@mail.com","3766 Edge Creek Dr","Saint Francis","KS","67756","876-665-7158"
"331","Hillarie","Fatisha","FatishaH@hotmail.com","8304 Roseclair Blvd","Brookfield","IL","60513","748-693-6304"
"332","Jessamy","Jadira","JadiraJ@facebook.com","5779 Velock Rd","Kennesaw","GA","30152","504-787-8823"
"333","Kamelia","Jondavid","JondavidK@yahoo.com","6828 Baytech Ave","Grapeview","WA","98546","558-345-1052"
"334","Jarrid","Sou","SouJ@facebook.com","8582 Country Day Dr","Royal Oak","MI","48067","846-947-8743"
"335","Maleia","Lelia","LeliaM@aol.com","7594 Glenmere Blvd","Hallandale","FL","33009","739-716-3586"
"336","Jamonte","Ronnette","RonnetteJ@att.net","7646 Creeds Mill Blvd","Port Lions","AK","99550","206-87-2622"
"337","Turell","Zaneta","ZanetaT@aol.com","6684 Lizzie Rd","Ocilla","GA","31774","15-421-867"
"338","Mariachristina","Tramel","TramelM@msn.com","3843 Chipstone Dr","Norwood","NC","28128","29-943-885"
"339","Marla","Javonne","JavonneM@mail.com","6527 Elstead Ln","Princeton","ME","04668","764-236-7992"
"340","Bentley","Emileigh","EmileighB@facebook.com","951 Bradwahl Ave","Lowry","VA","24570","910-401-5166"
"341","Tyreek","Juleah","JuleahT@live.com","5558 Riding Loop","Saint Paul","MN","55110","669-784-2423"
"342","Rowena","Sharli","SharliR@gmail.com","7996 Burras St","Chelsea","MI","48118","714-897-6718"
"343","Karita","Yeni","YeniK@gmail.com","7182 Lago Vista St","Ayden","NC","28513","192-176-4177"
"344","Niomi","Jericho","JerichoN@live.com","1193 Centurion Blvd","Orestes","IN","46063","199-414-2944"
"345","Sarena","Fransico","FransicoS@att.net","1235 Grand Reserve Dr","Florence","MS","39073","457-91-292"
"346","Audria","Nadege","NadegeA@hotmail.com","7910 Ebener Ln","Glade Park","CO","81523","226-219-9531"
"347","Grandon","Harriet","HarrietG@gmail.com","3809 Lord North Pike","Anderson Island","WA","98303","285-309-2203"
"348","Taralynn","Dion","DionT@comcast.net","3160 Fullerton Dr","Reno","NV","89510","560-99-2822"
"349","Chivonne","Salima","SalimaC@live.com","3127 West Larch Ave","Lehr","ND","58460","961-910-9188"
"350","Nicle","Sung","SungN@gmail.com","912 Morthland Blvd","Whitewater","CA","92282","170-59-4997"
"351","Ladarryl","Donika","DonikaL@mail.com","2126 Oriel Ln","North Oxford","MA","01537","973-678-1035"
"352","Hiep","Shaunna","ShaunnaH@gmail.com","8732 S Gratten Blvd","Montgomery","TX","77356","408-850-1026"
"353","Kwesi","Kendle","KendleK@gmail.com","922 St Hilliers Rd","Eastlake","MI","49626","486-647-109"
"354","Kirsti","Janette","JanetteK@aol.com","5922 Landsburg Rd","MacArthur","WV","25873","85-534-5914"
"355","Letty","Omayra","OmayraL@comcast.net","8814 Ulderic Loop","Van Hornesville","NY","13475","245-509-454"
"356","Zonia","Karyn","KarynZ@comcast.net","9935 Buhre Ln","Thorndike","MA","01079","673-580-2719"
"357","Derak","Raynaldo","RaynaldoD@yahoo.com","9846 Mannow Ln","Avery Island","LA","70513","170-741-7392"
"358","Taisha","Maila","MailaT@yahoo.com","5452 Istvan Ave","Galesburg","IL","61401","865-785-7453"
"359","Elvia","Kourtnee","KourtneeE@mail.com","5756 Cripple Creek Ln","Warrenton","NC","27589","975-260-7239"
"360","Jayme","Lekita","LekitaJ@live.com","1129 McFeeley St","Stamford","CT","06906","519-431-388"
"361","Lemont","Coty","CotyL@live.com","2829 Inchley Ave","Dumont","MN","56236","359-750-2583"
"362","Aristeo","Howell","HowellA@hotmail.com","9502 Easterford St","Saint Louis","MO","63119","846-201-6499"
"363","Tamario","Colbi","ColbiT@live.com","9643 Songer St","Methow","WA","98834","539-559-8855"
"364","Chisty","Elizabth","ElizabthC@gmail.com","9128 Woodcock Park","Bonita","LA","71223","33-156-6102"
"365","Samaria","Danni","DanniS@mail.com","1975 Lauriston Rd","Three Bridges","NJ","08887","899-344-671"
"366","Rodriques","Vikash","VikashR@live.com","5434 Hawks on Second Pike","Channing","TX","79018","894-598-6191"
"367","Tralana","Shawnell","ShawnellT@att.net","2676 Bolero Loop","Cedar Glen","CA","92321","102-949-8852"
"368","Kirston","Carianne","CarianneK@facebook.com","7406 Mapel Ln","Duff","TN","37729","65-325-6601"
"369","Dawanna","Tekia","TekiaD@facebook.com","1877 Kreutzer Park","Bloomington Springs","TN","38545","945-962-3767"
"370","Deeann","Jamarius","JamariusD@gmail.com","1896 Sunmill Dr","Gregory","TX","78359","641-768-9800"
"371","Dariel","Lekita","LekitaD@mail.com","3784 Morello Dr","Fertile","IA","50434","976-440-4923"
"372","Ryann","Brette","BretteR@msn.com","5824 Alvista Rd","Naples","FL","34119","462-216-3076"
"373","Jacklyn","Lizandro","LizandroJ@hotmail.com","3429 Isaiah Ave","Cleveland","SC","29635","560-757-5646"
"374","Candice","Ahuva","AhuvaC@aol.com","3417 West Eagle Lake Ln","Bowling Green","KY","42102","24-125-7338"
"375","Albany","Demetrius","DemetriusA@yahoo.com","6557 Debbie Ln","Union City","PA","16438","27-817-9158"
"376","Amberly","Lyn","LynA@gmail.com","1697 Sunny Meadows Loop","Jayuya","PR","00664","641-255-3427"
"377","Jovonna","Ainslee","AinsleeJ@yahoo.com","1495 Poplar Leaf Ave","Cleveland","OH","44118","776-8-1284"
"378","Emilyrose","Tarra","TarraE@hotmail.com","2015 Sleets Rd","Russellville","KY","42276","89-850-9863"
"379","Nathanal","Justen","JustenN@mail.com","6663 Leyes Park","Becket","MA","01223","39-161-274"
"380","Nyree","Deondre","DeondreN@comcast.net","2751 Milch Hill Rd","Upland","IN","46989","321-219-585"
"381","Romanda","Alonza","AlonzaR@facebook.com","4248 Tree Land Ave","Coleharbor","ND","58531","673-32-2225"
"382","Stphanie","Laurina","LaurinaS@aol.com","327 Marszalkowski Rd","Allenwood","PA","17810","315-901-6411"
"383","Eve","Ilsa","IlsaE@hotmail.com","5671 Zion Blvd","Pendleton","NC","27862","764-255-47"
"384","Daleena","Folasade","FolasadeD@hotmail.com","3636 Blackbirds Ave","Washington","PA","15301","292-635-9944"
"385","Nellie","Trenea","TreneaN@hotmail.com","7547 Longson Pike","Wilkeson","WA","98396","734-878-4866"
"386","Rosheena","Sanjuanita","SanjuanitaR@comcast.net","7578 Kings Village Blvd","Washington","MI","48095","712-472-7242"
"387","Jessamy","Karlita","KarlitaJ@mail.com","1847 Bona Pike","Lexington","KY","40505","551-261-2109"
"388","Chau","Rosio","RosioC@msn.com","6113 Great Woodcote Pike","Saint Libory","IL","62282","347-538-7704"
"389","Delon","Brielle","BrielleD@hotmail.com","5763 Colorado Way Carr Park","Des Moines","IA","50310","857-597-3248"
"390","Bowman","Pratik","PratikB@facebook.com","9373 West Second Dr","Wonewoc","WI","53968","384-300-5104"
"391","Bethann","Shayna","ShaynaB@live.com","424 Rinard Dr","Biglerville","PA","17307","924-193-914"
"392","Shamela","Silvia","SilviaS@yahoo.com","2581 Bajt Loop","Johnston","RI","02919","853-764-2327"
"393","Mick","Shakia","ShakiaM@aol.com","1871 Foyette Rd","Wild Horse","CO","80862","621-151-842"
"394","Rache","Jacorey","JacoreyR@yahoo.com","9283 Nawthorne Rd","Eastern","KY","41622","28-184-4418"
"395","Quantarius","Adriann","AdriannQ@aol.com","9601 Gramsie Park","Planada","CA","95365","758-767-1753"
"396","Maceo","Halbert","HalbertM@yahoo.com","2274 Kildare Ln","Marion","KY","42064","723-820-1997"
"397","Ceirra","Nhan","NhanC@yahoo.com","8733 Wornington St","Old Town","FL","32680","102-921-8455"
"398","Antonette","Thinh","ThinhA@facebook.com","8173 Moran Loop","Hanover","PA","17331","929-724-5553"
"399","Tashiba","Jamy","JamyT@comcast.net","4849 W Dover Ave","Monson","ME","04464","679-359-9178"
"400","Kenrick","Leyna","LeynaK@yahoo.com","7224 Peacock Pond Rd","Rockbridge","OH","43149","529-390-2059"
"401","Quashon","Alphonzo","AlphonzoQ@msn.com","6517 Timber Pond Ave","Toronto","KS","66777","128-37-4943"
"402","Cal","Nakkia","NakkiaC@hotmail.com","3146 Rick Loop","Poynette","WI","53955","975-428-1221"
"403","Nashira","Alycen","AlycenN@aol.com","3375 Land Off Whipple Blvd","Lake Linden","MI","49945","779-583-9947"
"404","Donnita","Stevens","StevensD@hotmail.com","6931 Woodland Estates Ln","Harrisburg","SD","57032","289-587-7746"
"405","Chloe","Chalise","ChaliseC@comcast.net","4045 Luland Ave","Benton","CA","93512","759-773-6748"
"406","Micahel","Daphnie","DaphnieM@att.net","6337 Rosemarie St","Morrisville","NC","27560","193-327-9293"
"407","Daley","Jolean","JoleanD@mail.com","9363 Martha Jones Rd","Los Angeles","CA","90031","202-663-6262"
"408","Adara","Rissa","RissaA@comcast.net","2423 Lee Moor Park","Oaks","PA","19456","298-277-707"
"409","Lashawnna","Nairoby","NairobyL@hotmail.com","7417 Cresta Vista Rd","Akiachak","AK","99551","201-635-7070"
"410","Latesia","Maxine","MaxineL@yahoo.com","4850 Shaylor Dr","Ridgway","CO","81432","469-861-5652"
"411","Jeslyn","Shyam","ShyamJ@gmail.com","1276 Courtauld Rd","Lawrence","PA","15055","43-717-3477"
"412","Irish","Duong","DuongI@yahoo.com","6405 Greenvale Glen Cove Dr","Minot Afb","ND","58704","185-786-4583"
"413","Nivia","Kirby","KirbyN@mail.com","7681 RoyzElle Rd","Bennington","NE","68007","422-972-177"
"414","Taralee","Kinsey","KinseyT@mail.com","2178 Pelhamdale Loop","Tucson","AZ","85746","46-575-268"
"415","Rayla","Herman","HermanR@comcast.net","3171 S Middleton Blvd","Cynthiana","KY","41031","847-631-6652"
"416","Chasity","Harvey","HarveyC@att.net","5498 Olea Blvd","Rulo","NE","68431","248-628-714"
"417","Carolann","Laurina","LaurinaC@facebook.com","682 S Trails End Ave","Sullivan","MO","63080","598-984-5382"
"418","Keesha","Wynonna","WynonnaK@mail.com","2644 Rocbaar Ln","Madison","AL","35756","800-560-4406"
"419","Detrick","Vernetta","VernettaD@att.net","9124 Treasure Island Loop","Fayetteville","TN","37334","40-42-8496"
"420","Maxfield","Roshawn","RoshawnM@att.net","7590 Yarren Blvd","Portage","ME","04768","426-729-5663"
"421","Caylin","Johnnylee","JohnnyleeC@aol.com","4748 Far View Park","Satsop","WA","98583","494-218-2066"
"422","Gurpreet","Sonal","SonalG@hotmail.com","8387 Kells Ln","Audubon","IA","50025","568-944-4077"
"423","Moriah","Jolee","JoleeM@facebook.com","2336 Freemark St","Wharncliffe","WV","25651","56-891-3189"
"424","Jeneen","Indira","IndiraJ@att.net","8052 Paula Lynn Pike","Leona","TX","75850","459-458-2285"
"425","Shalita","Jeanise","JeaniseS@gmail.com","8168 South Washington Rd","Stoneham","CO","80754","297-831-1575"
"426","Ginette","Alegandro","AlegandroG@aol.com","2646 Northern Neck Ln","Driscoll","TX","78351","184-188-8017"
"427","Mylinda","Lidia","LidiaM@aol.com","972 S Elmer Dr","Delmar","DE","19940","965-15-202"
"428","Toi","Nicosha","NicoshaT@aol.com","2914 East Franklin Pike","Harrisville","NY","13648","719-516-6360"
"429","Lorilei","Rebbeca","RebbecaL@att.net","6061 Wehrman Dr","Sebastian","FL","32976","760-657-4097"
"430","Sophie","Demita","DemitaS@comcast.net","3664 Warescot Dr","Prudence Island","RI","02872","788-135-2209"
"431","Keisha","Lorren","LorrenK@facebook.com","640 Summit B Rd","Cleveland","OH","44126","752-647-8565"
"432","Salman","Claudette","ClaudetteS@aol.com","2799 Bramerton Park","Mill Hall","PA","17751","9-912-934"
"433","Pattie","Renzo","RenzoP@yahoo.com","8590 Fruit Barn Ln","Norway","SC","29113","38-2-129"
"434","Hoang","Valdemar","ValdemarH@facebook.com","3176 Clara Louise Loop","Sandy","UT","84094","384-117-6028"
"435","Leaann","Waylon","WaylonL@gmail.com","1779 Cheryl Pike","Almont","MI","48003","409-456-8410"
"436","Kevin","Tanessa","TanessaK@hotmail.com","1879 Crimson Tree Pike","Claryville","NY","12725","138-693-4901"
"437","Monico","Alys","AlysM@yahoo.com","5558 Kilcoby Ave","West Hartford","CT","06107","382-587-2059"
"438","Joyelle","Cristina","CristinaJ@yahoo.com","7509 Termine Blvd","Hudson","FL","34667","724-26-8572"
"439","Jafar","Romeka","RomekaJ@comcast.net","4913 Picksley Park","Newport News","VA","23603","923-713-3339"
"440","Deniqua","Denay","DenayD@mail.com","3050 Upham Ln","Tucson","AZ","85714","190-914-9517"
"441","Akhil","Chiketa","ChiketaA@comcast.net","8634 Havenworth Ave","Dekalb","IL","60115","244-349-6903"
"442","Shiesha","Shandie","ShandieS@hotmail.com","6096 Louie St","Rising Fawn","GA","30738","367-469-6763"
"443","Candis","Delton","DeltonC@aol.com","3171 Vestry Park","Riverside","CA","92508","951-433-8782"
"444","Lacretia","Isaias","IsaiasL@msn.com","4243 Brayards Dr","Natural Dam","AR","72948","668-110-7267"
"445","Decarlos","Melaney","MelaneyD@msn.com","6185 Arunta Pike","Bartlett","IL","60103","244-628-8291"
"446","Isidra","Daphnie","DaphnieI@facebook.com","7195 W Warburton Loop","Newcastle","UT","84756","793-328-9031"
"447","Jarin","Mart","MartJ@aol.com","8350 Dead End Ln","Upper Marlboro","MD","20774","5-472-1616"
"448","Lyna","Chardae","ChardaeL@hotmail.com","742 W Edgewater Ln","San Antonio","TX","78258","338-126-3111"
"449","Angus","Fue","FueA@msn.com","7637 Tiberon Ln","Columbia","SC","29203","778-630-1953"
"450","Edd","Thinh","ThinhE@att.net","8014 Ranelegh Ave","Bethel","VT","05032","754-591-349"
"451","Lelani","Brad","BradL@att.net","220 Harting Ave","Parlier","CA","93648","169-362-3287"
"452","Natan","Larelle","LarelleN@aol.com","5008 Cons Rd","Lake Village","AR","71653","236-950-9936"
"453","Jawanda","Wendie","WendieJ@msn.com","9810 Ross Branch Blvd","Gully","MN","56646","63-336-3318"
"454","Hetal","Aishia","AishiaH@msn.com","6040 Casilear Dr","Cass City","MI","48726","320-483-6562"
"455","Laural","Amin","AminL@facebook.com","9309 Milkweed Ave","Lehigh","KS","67073","931-988-6252"
"456","Manan","Nafeesah","NafeesahM@msn.com","4582 Sailors Loop","Westerly","RI","02891","637-817-8469"
"457","Corrine","Venus","VenusC@aol.com","3710 Parchmore Blvd","Elgin","TN","37732","516-246-6621"
"458","Tracie","Rosalina","RosalinaT@msn.com","6731 Southbend St","Sarasota","FL","34237","601-737-1137"
"459","Shone","Siri","SiriS@hotmail.com","2711 Halton Cross Blvd","Ethel","MO","63539","170-811-2442"
"460","Burton","Salima","SalimaB@aol.com","2298 Mento Ave","Gallipolis Ferry","WV","25515","588-327-666"
"461","Rifka","Meaghan","MeaghanR@gmail.com","6330 O Connors Pike","Corapeake","NC","27926","211-725-8236"
"462","Hasan","Marrissa","MarrissaH@mail.com","1279 Merida Rd","Worth","IL","60482","599-133-9323"
"463","Verena","Marquice","MarquiceV@hotmail.com","9301 West Concord Loop","Paramus","NJ","07652","303-918-9403"
"464","Corneilius","Laraine","LaraineC@gmail.com","1542 Tabalum Pike","Lanai City","HI","96763","871-930-7634"
"465","Sony","Genisha","GenishaS@hotmail.com","5273 Denslow Ln","Ford Cliff","PA","16228","457-740-2216"
"466","Darlene","Curry","CurryD@att.net","7834 East Colorado Ln","Olympia","KY","40358","223-120-6649"
"467","Shonte","Terris","TerrisS@msn.com","8070 Wych Elm Dr","Mcville","ND","58254","71-876-1043"
"468","Burak","Shamya","ShamyaB@aol.com","245 New Herbert Loop","Homer","LA","71040","801-105-3768"
"469","Andrzej","Sandor","SandorA@live.com","2816 Burnage Blvd","Adairsville","GA","30103","841-45-5120"
"470","Shuree","Zandria","ZandriaS@yahoo.com","2647 Sylvan Knoll Ave","Johnson","NE","68378","386-71-6724"
"471","Ashlen","Elsie","ElsieA@att.net","9085 W Alder Dr","Wahoo","NE","68066","728-673-8820"
"472","Arran","Havilah","HavilahA@live.com","9122 Arbrook St","Altoona","IA","50009","876-381-604"
"473","Caden","Boy","BoyC@att.net","5612 Muscat Ave","Cliffside Park","NJ","07010","558-588-4845"
"474","Marcas","Aric","AricM@hotmail.com","7428 Spencer Place Cowper Pike","Eustace","TX","75124","267-113-7066"
"475","Shane","Delfino","DelfinoS@msn.com","553 Walnut Place Pike","Church Creek","MD","21622","417-159-8757"
"476","Abe","Curits","CuritsA@comcast.net","5670 Mystique Pike","Maunie","IL","62861","318-132-174"
"477","Curits","Doreen","DoreenC@att.net","4480 Smalldean Blvd","North Bangor","NY","12966","270-848-8697"
"478","Darron","Cayle","CayleD@msn.com","5857 Cottenden Loop","Vincennes","IN","47591","785-810-728"
"479","Arti","Siobahn","SiobahnA@hotmail.com","2158 Middlesex Rd","Ashton","MD","20861","194-94-704"
"480","Marlyn","Lashawn","LashawnM@mail.com","3431 S Gail Pike","Melbourne","FL","32934","597-151-4690"
"481","Ronal","Jamespaul","JamespaulR@mail.com","7039 Tessa Dr","West Bend","WI","53095","600-995-3418"
"482","Cigi","Toribio","ToribioC@hotmail.com","4937 Spring Meadows Blvd","Morristown","IN","46161","984-583-6170"
"483","Ari","Shie","ShieA@gmail.com","9768 Topliff Ave","North Dighton","MA","02764","322-401-9255"
"484","Shontelle","Devina","DevinaS@yahoo.com","5876 New Parkland Ln","Mankato","MN","56001","817-299-8576"
"485","Linzey","Shawnette","ShawnetteL@yahoo.com","4415 Odyssey Pike","Western Grove","AR","72685","575-9-4013"
"486","Lizzeth","Lucinda","LucindaL@mail.com","7822 Braddock Springs Dr","Salkum","WA","98582","99-623-172"
"487","Dewayne","Jeni","JeniD@mail.com","721 N Gilbert Park","Flint","MI","48553","451-844-8531"
"488","Patrica","Avel","AvelP@yahoo.com","5412 Connolly Ln","Seligman","AZ","86337","856-903-9658"
"489","Giulia","Lyndon","LyndonG@live.com","3891 Shore View St","Ellabell","GA","31308","260-817-4515"
"490","Hope","Jannel","JannelH@att.net","8561 Welder Blvd","Cross Plains","IN","47017","715-156-7249"
"491","Keana","Kelan","KelanK@comcast.net","187 Common Gate Blvd","Warsaw","VA","22572","700-666-6421"
"492","Branigan","Tiauna","TiaunaB@att.net","2114 W Army Trail Blvd","Norman Park","GA","31771","447-751-3526"
"493","Yonathan","Elonda","ElondaY@msn.com","4997 Houtmann Blvd","Lavina","MT","59046","149-840-2630"
"494","Adolphus","Diandrea","DiandreaA@yahoo.com","3203 Mcdowell Dr","Mount Saint Joseph","OH","45051","378-825-2532"
"495","Brenee","Roddy","RoddyB@msn.com","7418 West Alameda Ln","Gentry","AR","72734","83-7-704"
"496","Eldrick","Fatina","FatinaE@mail.com","6983 Dittos Blvd","Poughquag","NY","12570","996-886-3372"
"497","Deedee","Nori","NoriD@hotmail.com","1976 Sugar Loaf Dr","Bolivar","PA","15923","194-463-852"
"498","Shantaya","Tramel","TramelS@gmail.com","3054 Cross Gates Dr","Lawai","HI","96765","210-242-5538"
"499","Santonio","Jezabel","JezabelS@att.net","7238 Trundleys Pike","Redding","CA","96049","143-112-9169"
